Workbook

Sheet Folha1
A1: Cidade | B1: Tipo de Venda | C1: Obra | D1: Preço Unitario | E1: Quantidade | F1: Valor Total
A2: São Paulo | B2: À Vista | C2: Windows | D2: =VLOOKUP(C2,Detalhes!$A$1:$D$7,4,0) -> 55 | E2: 20 | F2: =D2*E2 -> 1100
A3: =A2 -> São Paulo | B3: =B2 -> À Vista | C3: Word | D3: =VLOOKUP(C3,Detalhes!$A$1:$D$7,4,0) -> 47 | E3: 50 | F3: =D3*E3 -> 2350
A4: =A3 -> São Paulo | B4: =B3 -> À Vista | C4: Excel | D4: =VLOOKUP(C4,Detalhes!$A$1:$D$7,4,0) -> 49 | E4: 30 | F4: =D4*E4 -> 1470
A5: =A4 -> São Paulo | B5: =B4 -> À Vista | C5: Access | D5: =VLOOKUP(C5,Detalhes!$A$1:$D$7,4,0) -> 70 | E5: 60 | F5: =D5*E5 -> 4200
A6: Rio de Janeiro | B6: =B5 -> À Vista | C6: Windows | D6: =VLOOKUP(C6,Detalhes!$A$1:$D$7,4,0) -> 55 | E6: 45 | F6: =D6*E6 -> 2475
A7: =A6 -> Rio de Janeiro | B7: =B6 -> À Vista | C7: PowerPoint | D7: =VLOOKUP(C7,Detalhes!$A$1:$D$7,4,0) -> 45 | E7: 33 | F7: =D7*E7 -> 1485
A8: =A7 -> Rio de Janeiro | B8: =B7 -> À Vista | C8: Internet | D8: =VLOOKUP(C8,Detalhes!$A$1:$D$7,4,0) -> 57 | E8: 29 | F8: =D8*E8 -> 1653
A9: =A8 -> Rio de Janeiro | B9: =B8 -> À Vista | C9: Windows | D9: =VLOOKUP(C9,Detalhes!$A$1:$D$7,4,0) -> 55 | E9: 46 | F9: =D9*E9 -> 2530
A10: =A9 -> Rio de Janeiro | B10: =B9 -> À Vista | C10: Word | D10: =VLOOKUP(C10,Detalhes!$A$1:$D$7,4,0) -> 47 | E10: 58 | F10: =D10*E10 -> 2726
A11: =A10 -> Rio de Janeiro | B11: =B10 -> À Vista | C11: Access | D11: =VLOOKUP(C11,Detalhes!$A$1:$D$7,4,0) -> 70 | E11: 72 | F11: =D11*E11 -> 5040
A12: Curitiba | B12: =B11 -> À Vista | C12: Windows | D12: =VLOOKUP(C12,Detalhes!$A$1:$D$7,4,0) -> 55 | E12: 59 | F12: =D12*E12 -> 3245
A13: =A12 -> Curitiba | B13: =B12 -> À Vista | C13: Word | D13: =VLOOKUP(C13,Detalhes!$A$1:$D$7,4,0) -> 47 | E13: 71 | F13: =D13*E13 -> 3337
A14: =A13 -> Curitiba | B14: =B13 -> À Vista | C14: Excel | D14: =VLOOKUP(C14,Detalhes!$A$1:$D$7,4,0) -> 49 | E14: 38 | F14: =D14*E14 -> 1862
A15: =A14 -> Curitiba | B15: =B14 -> À Vista | C15: Internet | D15: =VLOOKUP(C15,Detalhes!$A$1:$D$7,4,0) -> 57 | E15: 18 | F15: =D15*E15 -> 1026

Sheet Detalhes
A1: Obras | B1: Categoria | C1: Autores | D1: R$
A2: Windows | B2: Sistema Operacional | C2: Gilberto | D2: 55
A3: Word | B3: Aplicativo | C3: Marco Antonio | D3: 47
A4: Excel | B4: Aplicativo | C4: Gilberto | D4: 49
A5: Access | B5: Aplicativo | C5: Andre | D5: 70
A6: PowerPoint | B6: Aplicativo | C6: João | D6: 45
A7: Internet | B7: Aplicativo | C7: José | D7: 57
